Product,Price,Date
"Apple iPhone 17 Pro Max, US Version, 256GB, eSIM, Cosmic Orange- Unlocked (Renewed)","36,822",2026-08-13
"Apple iPhone 17 Pro Max, US Version, 256GB, eSIM, Cosmic Orange- Unlocked (Renewed)","36,822",2026-08-13
"Apple iPhone 17 Pro Max, US Version, 256GB, eSIM, Cosmic Orange- Unlocked (Renewed)","36,822",2026-08-13
"Apple iPhone 17 Pro Max, US Version, 256GB, eSIM, Cosmic Orange- Unlocked (Renewed)","36,822",2026-08-13
"Apple iPhone 17 Pro Max, US Version, 256GB, eSIM, Cosmic Orange- Unlocked (Renewed)","36,822",2026-08-13
"Apple iPhone 17 Pro Max, US Version, 256GB, eSIM, Cosmic Orange- Unlocked (Renewed)","36,822",2026-08-13
"Apple iPhone 17 Pro Max, US Version, 256GB, eSIM, Cosmic Orange- Unlocked (Renewed)","36,822",2026-08-13
"Apple iPhone 17 Pro Max, US Version, 256GB, eSIM, Cosmic Orange- Unlocked (Renewed)","36,822",2026-08-13
"Apple iPhone 17 Pro Max, US Version, 256GB, eSIM, Cosmic Orange- Unlocked (Renewed)","36,822",2026-08-13
"Apple iPhone 17 Pro Max, US Version, 256GB, eSIM, Cosmic Orange- Unlocked (Renewed)","36,822",2026-08-13
"Apple iPhone 17 Pro Max, US Version, 256GB, eSIM, Cosmic Orange- Unlocked (Renewed)","36,822",2026-08-13
"Apple iPhone 17 Pro Max, US Version, 256GB, eSIM, Cosmic Orange- Unlocked (Renewed)","36,822",2026-08-13
"Apple iPhone 17 Pro Max, US Version, 256GB, eSIM, Cosmic Orange- Unlocked (Renewed)","36,822",2026-08-13
"Apple iPhone 17 Pro Max, US Version, 256GB, eSIM, Cosmic Orange- Unlocked (Renewed)","36,822",2026-08-13
"Apple iPhone 17 Pro Max, US Version, 256GB, eSIM, Cosmic Orange- Unlocked (Renewed)","36,822",2026-08-13
"Apple iPhone 17 Pro Max, US Version, 256GB, eSIM, Cosmic Orange- Unlocked (Renewed)","36,822",2026-08-13
"Apple iPhone 17 Pro Max, US Version, 256GB, eSIM, Cosmic Orange- Unlocked (Renewed)","36,822",2026-08-13
"Apple iPhone 17 Pro Max, US Version, 256GB, eSIM, Cosmic Orange- Unlocked (Renewed)","36,958",2026-08-13
"Apple iPhone 17 Pro Max, US Version, 256GB, eSIM, Cosmic Orange- Unlocked (Renewed)","1,115",2026-08-13
